# of planets, with Collision, without collision, parallel
2, 00:00:00.0000698, 00:00:00.0000005, 00:00:00.0000512
4, 00:00:00.0000010, 00:00:00.0000010, 00:00:00.0000014
8, 00:00:00.0001592, 00:00:00.0000036, 00:00:00.0000042
16, 00:00:00.0000111, 00:00:00.0000131, 00:00:00.0000136
32, 00:00:00.0000450, 00:00:00.0000584, 00:00:00.0000502
64, 00:00:00.0001169, 00:00:00.0001876, 00:00:00.0001882
128, 00:00:00.0002831, 00:00:00.0004403, 00:00:00.0003948
256, 00:00:00.0003390, 00:00:00.0017015, 00:00:00.0016775
512, 00:00:00.0009529, 00:00:00.0061599, 00:00:00.0063085
