# of planets, with Collision, without collision
2, 00:00:00.0043321, 00:00:00.0000085
4, 00:00:00.0000305, 00:00:00.0000209
8, 00:00:00.0002356, 00:00:00.0000871
16, 00:00:00.0005261, 00:00:00.0004636
32, 00:00:00.0016690, 00:00:00.0010000
64, 00:00:00.0027879, 00:00:00.0042107
128, 00:00:00.0080523, 00:00:00.0161967
256, 00:00:00.0081064, 00:00:00.0396154
512, 00:00:00.0151184, 00:00:00.1884750
