# of planets, with Collision, without collision
2, 00:00:00.0001676, 00:00:00.0000012
4, 00:00:00.0000044, 00:00:00.0000043
8, 00:00:00.0004976, 00:00:00.0000171
16, 00:00:00.0000700, 00:00:00.0000737
32, 00:00:00.0002173, 00:00:00.0002799
64, 00:00:00.0008050, 00:00:00.0011725
128, 00:00:00.0018962, 00:00:00.0049196
256, 00:00:00.0045354, 00:00:00.0178809
512, 00:00:00.0072575, 00:00:00.0757819
