# of planets, with Collision, without collision
2, 00:00:00.0011674, 00:00:00.0000050
4, 00:00:00.0000171, 00:00:00.0000171
8, 00:00:00.0001350, 00:00:00.0000821
16, 00:00:00.0003426, 00:00:00.0003638
32, 00:00:00.0014525, 00:00:00.0013740
64, 00:00:00.0029136, 00:00:00.0057067
128, 00:00:00.0107235, 00:00:00.0192307
256, 00:00:00.0109606, 00:00:00.0472922
512, 00:00:00.0158902, 00:00:00.2117844
