# of planets, with Collision, without collision
i, 00:00:00.0029447, 00:00:00.0000092
i, 00:00:00.0000343, 00:00:00.0000392
i, 00:00:00.0002622, 00:00:00.0000949
i, 00:00:00.0004912, 00:00:00.0004654
i, 00:00:00.0017475, 00:00:00.0013431
i, 00:00:00.0040542, 00:00:00.0057458
i, 00:00:00.0109861, 00:00:00.0199932
i, 00:00:00.0120873, 00:00:00.0439616
i, 00:00:00.0170481, 00:00:00.2014625
