# of planets, with Collision, without collision
2, 00:00:00.0002485, 00:00:00.0000010
4, 00:00:00.0000021, 00:00:00.0000019
8, 00:00:00.0008398, 00:00:00.0000062
16, 00:00:00.0000187, 00:00:00.0000175
32, 00:00:00.0000504, 00:00:00.0000649
64, 00:00:00.0002108, 00:00:00.0003590
128, 00:00:00.0005911, 00:00:00.0011103
256, 00:00:00.0011326, 00:00:00.0050879
512, 00:00:00.0024396, 00:00:00.0152685
