# of planets, with Collision, without collision
2, 00:00:00.0000974, 00:00:00.0000017
4, 00:00:00.0000049, 00:00:00.0000050
8, 00:00:00.0009581, 00:00:00.0000122
16, 00:00:00.0000381, 00:00:00.0000535
32, 00:00:00.0001699, 00:00:00.0001971
64, 00:00:00.0005728, 00:00:00.0010470
128, 00:00:00.0012710, 00:00:00.0030449
256, 00:00:00.0022465, 00:00:00.0129973
512, 00:00:00.0048796, 00:00:00.0558762
