# of planets, with Collision, without collision, parallel
2, 00:00:00.0000673, 00:00:00.0000011, 00:00:00.0000274
4, 00:00:00.0000032, 00:00:00.0000031, 00:00:00.0000041
8, 00:00:00.0001629, 00:00:00.0000132, 00:00:00.0000142
16, 00:00:00.0000379, 00:00:00.0000461, 00:00:00.0000496
32, 00:00:00.0001444, 00:00:00.0001914, 00:00:00.0002011
64, 00:00:00.0004892, 00:00:00.0007550, 00:00:00.0007500
128, 00:00:00.0011687, 00:00:00.0028300, 00:00:00.0029698
256, 00:00:00.0020352, 00:00:00.0116874, 00:00:00.0119430
512, 00:00:00.0046433, 00:00:00.0463553, 00:00:00.0483488
