# of planets, with Collision, without collision, parallel
2, 00:00:00.0002138, 00:00:00.0000009, 00:00:00.0005508
4, 00:00:00.0000014, 00:00:00.0000012, 00:00:00.0000018
8, 00:00:00.0006355, 00:00:00.0000060, 00:00:00.0000076
16, 00:00:00.0000145, 00:00:00.0000161, 00:00:00.0000176
32, 00:00:00.0000630, 00:00:00.0000896, 00:00:00.0000812
64, 00:00:00.0002131, 00:00:00.0003129, 00:00:00.0003667
128, 00:00:00.0004045, 00:00:00.0009218, 00:00:00.0011103
256, 00:00:00.0007457, 00:00:00.0043461, 00:00:00.0041959
512, 00:00:00.0021623, 00:00:00.0131735, 00:00:00.0101356
