# of planets, with Collision, without collision
2, 00:00:00.0020952, 00:00:00.0000085
4, 00:00:00.0000265, 00:00:00.0000264
8, 00:00:00.0002103, 00:00:00.0000819
16, 00:00:00.0006090, 00:00:00.0004339
32, 00:00:00.0015120, 00:00:00.0012659
64, 00:00:00.0035720, 00:00:00.0049475
128, 00:00:00.0091711, 00:00:00.0118494
256, 00:00:00.0075421, 00:00:00.0393002
512, 00:00:00.0146173, 00:00:00.1899647
